{
  "overview": {
    "totalMatches": 152,
    "finishedMatches": 152,
    "matchesWithLineups": 152,
    "matchesWithGoals": 151,
    "seasons": {
      "2024": 76,
      "2025": 76
    },
    "phases": {
      "QUALIFYING": 144,
      "TOURNAMENT": 8
    }
  },
  "goalAnalysis": {
    "totalGoals": 969,
    "goalsByMinute": {
      "0": 21,
      "1": 23,
      "2": 19,
      "3": 15,
      "4": 14,
      "5": 23,
      "6": 29,
      "7": 14,
      "8": 30,
      "9": 19,
      "10": 20,
      "11": 19,
      "12": 23,
      "13": 15,
      "14": 21,
      "15": 24,
      "16": 20,
      "17": 19,
      "18": 26,
      "19": 25,
      "20": 17,
      "21": 30,
      "22": 31,
      "23": 21,
      "24": 22,
      "25": 24,
      "26": 28,
      "27": 30,
      "28": 27,
      "29": 22,
      "30": 26,
      "31": 21,
      "32": 25,
      "33": 21,
      "34": 23,
      "35": 30,
      "36": 37,
      "37": 24,
      "38": 40,
      "39": 51
    },
    "goalsByPhase": {
      "firstHalf": 419,
      "secondHalf": 550
    },
    "goalsByPosition": {
      "FORWARD": 625,
      "GOALKEEPER": 33,
      "DEFENDER": 309,
      "UNKNOWN": 2
    },
    "averageGoalsPerMatch": 6.375
  },
  "scoreAnalysis": {
    "scoreLines": {
      "4-4": 5,
      "1-8": 5,
      "0-6": 2,
      "2-2": 12,
      "1-9": 3,
      "2-7": 2,
      "6-0": 1,
      "5-2": 3,
      "3-10": 1,
      "5-5": 2,
      "7-9": 1,
      "2-3": 7,
      "3-3": 3,
      "2-1": 4,
      "0-1": 2,
      "1-6": 1,
      "3-6": 2,
      "4-2": 3,
      "1-2": 1,
      "0-12": 1,
      "1-3": 6,
      "0-0": 1,
      "1-7": 1,
      "1-4": 6,
      "0-4": 4,
      "3-1": 4,
      "4-3": 4,
      "10-2": 1,
      "3-0": 1,
      "9-4": 3,
      "8-2": 2,
      "1-5": 5,
      "10-4": 1,
      "1-1": 4,
      "5-4": 3,
      "2-6": 1,
      "0-2": 3,
      "2-0": 1,
      "5-6": 1,
      "4-5": 1,
      "3-5": 1,
      "11-2": 1,
      "0-7": 3,
      "3-4": 2,
      "7-2": 4,
      "1-10": 1,
      "4-1": 4,
      "6-4": 1,
      "5-0": 2,
      "5-1": 3,
      "1-0": 1,
      "2-8": 1,
      "6-2": 2,
      "2-4": 1,
      "2-5": 1,
      "4-0": 1,
      "6-1": 3,
      "3-2": 3,
      "3-8": 1,
      "0-5": 1,
      "0-3": 1
    },
    "highestScore": {
      "matchId": "2038873",
      "score": "7-9",
      "totalGoals": 16
    },
    "averageHomeGoals": 2.901315789473684,
    "averageAwayGoals": 3.4473684210526314,
    "homeWins": 56,
    "awayWins": 69,
    "draws": 27
  },
  "timingPatterns": {
    "earlyGoals": 207,
    "midGameGoals": 464,
    "lateGoals": 298,
    "lastMinuteGoals": 91
  },
  "matchIds": {
    "allFinished": [
      "2038856",
      "2038857",
      "2038860",
      "2038848",
      "2038858",
      "2038872",
      "2038850",
      "2038854",
      "2038862",
      "2038861",
      "2038859",
      "2038873",
      "2038849",
      "2038855",
      "2038851",
      "2038863",
      "2038876",
      "2038864",
      "2038874",
      "2038852",
      "2038866",
      "2038870",
      "2038878",
      "2038877",
      "2038875",
      "2038853",
      "2038865",
      "2038871",
      "2038867",
      "2038879",
      "2038888",
      "2038868",
      "2038889",
      "2038869",
      "2038892",
      "2038880",
      "2038890",
      "2038882",
      "2038886",
      "2038894",
      "2038893",
      "2038891",
      "2038881",
      "2038887",
      "2038883",
      "2038895",
      "2038884",
      "2038885",
      "2039617",
      "2039623",
      "2039619",
      "2039618",
      "2039624",
      "2039620",
      "2039625",
      "2039631",
      "2039621",
      "2039627",
      "2039626",
      "2039632",
      "2039628",
      "2039622",
      "2039629",
      "2039630",
      "2039633",
      "2039634",
      "2039639",
      "2039635",
      "2039640",
      "2039636",
      "2039637",
      "2039638",
      "2040528",
      "2040529",
      "2040533",
      "2040534",
      "2041325",
      "2041326",
      "2041341",
      "2041347",
      "2041323",
      "2041319",
      "2041321",
      "2041333",
      "2041342",
      "2041327",
      "2041329",
      "2041348",
      "2041324",
      "2041320",
      "2041322",
      "2041328",
      "2041334",
      "2041330",
      "2041331",
      "2041339",
      "2041335",
      "2041337",
      "2041349",
      "2041343",
      "2041345",
      "2041332",
      "2041340",
      "2041336",
      "2041338",
      "2041344",
      "2041350",
      "2041346",
      "2041357",
      "2041358",
      "2041355",
      "2041363",
      "2041351",
      "2041353",
      "2041365",
      "2041359",
      "2041361",
      "2041356",
      "2041364",
      "2041352",
      "2041354",
      "2041360",
      "2041366",
      "2041362",
      "2042755",
      "2042756",
      "2042757",
      "2042751",
      "2042754",
      "2042763",
      "2042758",
      "2042752",
      "2042753",
      "2042764",
      "2042765",
      "2042759",
      "2042761",
      "2042766",
      "2042760",
      "2042762",
      "2042771",
      "2042772",
      "2042773",
      "2042767",
      "2042769",
      "2042774",
      "2042768",
      "2042770",
      "2044860",
      "2044861",
      "2044884",
      "2044885"
    ],
    "withCompleteData": [
      "2038856",
      "2038857",
      "2038860",
      "2038848",
      "2038858",
      "2038872",
      "2038850",
      "2038854",
      "2038862",
      "2038861",
      "2038859",
      "2038873",
      "2038849",
      "2038855",
      "2038851",
      "2038863",
      "2038876",
      "2038864",
      "2038874",
      "2038852",
      "2038866",
      "2038870",
      "2038878",
      "2038877",
      "2038875",
      "2038853",
      "2038865",
      "2038871",
      "2038867",
      "2038879",
      "2038888",
      "2038868",
      "2038889",
      "2038869",
      "2038892",
      "2038880",
      "2038890",
      "2038882",
      "2038886",
      "2038894",
      "2038893",
      "2038891",
      "2038881",
      "2038887",
      "2038883",
      "2038895",
      "2038884",
      "2038885",
      "2039617",
      "2039623",
      "2039619",
      "2039618",
      "2039624",
      "2039620",
      "2039625",
      "2039631",
      "2039621",
      "2039627",
      "2039626",
      "2039632",
      "2039628",
      "2039622",
      "2039629",
      "2039630",
      "2039633",
      "2039634",
      "2039639",
      "2039635",
      "2039640",
      "2039636",
      "2039637",
      "2039638",
      "2040528",
      "2040529",
      "2040533",
      "2040534",
      "2041325",
      "2041326",
      "2041341",
      "2041347",
      "2041323",
      "2041319",
      "2041321",
      "2041333",
      "2041342",
      "2041327",
      "2041329",
      "2041348",
      "2041324",
      "2041320",
      "2041322",
      "2041328",
      "2041334",
      "2041330",
      "2041331",
      "2041339",
      "2041335",
      "2041337",
      "2041349",
      "2041343",
      "2041345",
      "2041332",
      "2041340",
      "2041336",
      "2041338",
      "2041344",
      "2041350",
      "2041346",
      "2041357",
      "2041358",
      "2041355",
      "2041363",
      "2041351",
      "2041353",
      "2041365",
      "2041359",
      "2041361",
      "2041356",
      "2041364",
      "2041352",
      "2041354",
      "2041360",
      "2041366",
      "2041362",
      "2042755",
      "2042756",
      "2042757",
      "2042751",
      "2042754",
      "2042763",
      "2042758",
      "2042752",
      "2042753",
      "2042764",
      "2042765",
      "2042759",
      "2042761",
      "2042766",
      "2042760",
      "2042762",
      "2042771",
      "2042772",
      "2042773",
      "2042767",
      "2042769",
      "2042774",
      "2042768",
      "2042770",
      "2044860",
      "2044861",
      "2044884",
      "2044885"
    ],