{
  "baseStatistics": {
    "avgGoalsPerMatch": 5.1558441558441555,
    "avgShotsPerTeam": 28.551948051948052,
    "avgShotsOnTargetPerTeam": 12.928571428571429,
    "avgFoulsPerTeam": 6.701298701298701,
    "avgYellowCardsPerTeam": 1.9090909090909092,
    "avgCornersPerTeam": 7.818181818181818
  },
  "probabilities": {
    "shotOnTargetToGoal": 0.19939728779507784,
    "shotToSave": 0.35,
    "foulToYellowCard": 0.28488372093023256,
    "shotAccuracy": 0.4643945142004052
  },
  "timingMultipliers": {
    "byMinute": {
      "0": 0.8885448916408668,
      "1": 0.9731682146542828,
      "2": 0.8039215686274509,
      "3": 0.6346749226006192,
      "4": 0.5923632610939112,
      "5": 0.9731682146542828,
      "6": 1.2270381836945303,
      "7": 0.5923632610939112,
      "8": 1.2693498452012384,
      "9": 0.8039215686274509,
      "10": 0.8462332301341589,
      "11": 0.8039215686274509,
      "12": 0.9731682146542828,
      "13": 0.6346749226006192,
      "14": 0.8885448916408668,
      "15": 1.0154798761609907,
      "16": 0.8462332301341589,
      "17": 0.8039215686274509,
      "18": 1.1001031991744066,
      "19": 1.0577915376676985,
      "20": 0.719298245614035,
      "21": 1.2693498452012384,
      "22": 1.3116615067079462,
      "23": 0.8885448916408668,
      "24": 0.9308565531475749,
      "25": 1.0154798761609907,
      "26": 1.1847265221878225,
      "27": 1.2693498452012384,
      "28": 1.1424148606811144,
      "29": 0.9308565531475749,
      "30": 1.1001031991744066,
      "31": 0.8885448916408668,
      "32": 1.0577915376676985,
      "33": 0.8885448916408668,
      "34": 0.9731682146542828,
      "35": 1.2693498452012384,
      "36": 1.565531475748194,
      "37": 1.0154798761609907,
      "38": 1.6924664602683177,
      "39": 2.157894736842105,
      "40": 0
    },
    "earlyGame": 0.8758513931888545,
    "midGame": 0.9816305469556244,
    "lateGame": 1.1462613753635427
  },
  "positionModifiers": {
    "forward": 0.6463288521199587,
    "defender": 0.31954498448810764,
    "goalkeeper": 0.03412616339193382
  },
  "qualityAdjustment": {
    "ratingDifferenceImpact": 0.1,
    "maxAdjustment": 0.5
  },
  "homeAdvantage": {
    "crowdBoost": 1.02,
    "travelPenalty": 0.98
  }
}